{
	"schemaVersion": 1,
	"id": "magical",
	"version": "${version}",
	"name": "magical",
	"description": "This is an example description! Tell everyone what your mod is about!",
	"authors": [
		"Me!"
	],
	"contact": {
		"homepage": "https://fabricmc.net/",
		"sources": "https://github.com/FabricMC/fabric-example-mod"
	},
	"license": "CC0-1.0",
	"icon": "assets/magical/icon.png",
	"environment": "*",
	"entrypoints": {
		"main": [
			"net.catg.mod.Magical"
		],
		"fabric-datagen": [
			"net.catg.mod.MagicalDataGenerator"
		]
	},
	"mixins": [
		"magical.mixins.json"
	],
	"depends": {
		"fabricloader": ">=0.16.5",
		"minecraft": "~1.21",
		"java": ">=21",
		"fabric-api": "*"
	},
	"suggests": {
		"another-mod": "*"
	}
}